label,Beacon_1,Beacon_2,Beacon_3,Beacon_4,Beacon_5,Beacon_6
12,0.2246376811594203,0.5,0.48913043478260876,0.6123188405797102,0.18840579710144928,0.4130434782608696
15,0.41304347826086957,0.37318840579710144,0.6195652173913043,0.5797101449275363,0.4057971014492754,0.391304347826087
18,0.5391304347826087,0.24637681159420288,0.6115942028985507,0.553623188405797,0.4057971014492754,0.3333333333333333
36,0.6028985507246376,0.44927536231884063,0.5681159420289855,0.47536231884057967,0.4811594202898551,0.37681159420289856
36,0.5217391304347826,0.463768115942029,0.6521739130434783,0.553623188405797,0.30144927536231886,0.3884057971014493
18,0.4444444444444445,0.42512077294685996,0.601449275362319,0.5917874396135265,0.36231884057971014,0.3671497584541063
15,0.4173913043478262,0.553623188405797,0.48695652173913045,0.6289855072463768,0.42028985507246375,0.3391304347826087
12,0.3971014492753623,0.6260869565217391,0.35942028985507246,0.6115942028985507,0.36231884057971014,0.28985507246376807
