label,Beacon_1,Beacon_2,Beacon_5,Beacon_6
12,0.19806763285024154,0.5024154589371981,0.4057971014492754,0.42028985507246375
15,0.4782608695652174,0.5024154589371981,0.4057971014492754,0.391304347826087
18,0.4927536231884058,0.43478260869565216,0.4057971014492754,0.3333333333333333
36,0.5797101449275363,0.4492753623188406,0.4927536231884058,0.37681159420289856
36,0.5072463768115942,0.4492753623188406,0.2898550724637681,0.4057971014492754
18,0.4528985507246377,0.4420289855072464,0.358695652173913,0.3768115942028986
15,0.43478260869565216,0.5507246376811594,0.42028985507246375,0.3405797101449275
12,0.3768115942028986,0.6280193236714976,0.36231884057971014,0.30434782608695654
