label,Beacon_1,Beacon_2,Beacon_5,Beacon_6
12,0.2246376811594203,0.5,0.1884057971014493,0.4130434782608696
15,0.41304347826086957,0.37318840579710144,0.4057971014492754,0.391304347826087
18,0.5391304347826087,0.24637681159420288,0.4057971014492754,0.3333333333333333
36,0.6123188405797101,0.44927536231884063,0.4830917874396135,0.37681159420289856
36,0.5217391304347826,0.463768115942029,0.32367149758454106,0.3840579710144928
18,0.4521739130434783,0.37681159420289856,0.358695652173913,0.357487922705314
15,0.41545893719806765,0.553623188405797,0.42028985507246375,0.3391304347826087
12,0.3876811594202898,0.6183574879227053,0.36231884057971014,0.2681159420289855
