label,Beacon_1,Beacon_2,Beacon_3,Beacon_4,Beacon_5,Beacon_6,Beacon_7
12,0.19806763285024154,0.5024154589371981,0.4927536231884058,0.644927536231884,0.4057971014492754,0.42028985507246375,0.7391304347826086
15,0.4782608695652174,0.5024154589371981,0.6183574879227053,0.5797101449275363,0.4057971014492754,0.391304347826087,0.8333333333333333
18,0.4927536231884058,0.43478260869565216,0.5797101449275363,0.5144927536231885,0.4057971014492754,0.3333333333333333,0.5797101449275363
36,0.5797101449275363,0.4492753623188406,0.5869565217391304,0.463768115942029,0.4927536231884058,0.37681159420289856,0.6123188405797102
36,0.5072463768115942,0.4492753623188406,0.6473429951690821,0.5555555555555555,0.2898550724637681,0.4057971014492754,0.6123188405797102
18,0.4528985507246377,0.4420289855072464,0.5797101449275363,0.5797101449275363,0.358695652173913,0.3768115942028986,0.6579710144927536
15,0.43478260869565216,0.5507246376811594,0.4927536231884058,0.6328502415458938,0.42028985507246375,0.3405797101449275,0.6630434782608696
12,0.3768115942028986,0.6280193236714976,0.5362318840579711,0.6666666666666666,0.36231884057971014,0.30434782608695654,0.6231884057971014
