label,Beacon_1,Beacon_2,Beacon_5,Beacon_6,Beacon_7
12,0.5526315789473684,0.5614035087719298,0.3684210526315789,0.5526315789473684,0.5789473684210527
15,0.543859649122807,0.45614035087719296,0.3684210526315789,0.24561403508771928,0.5789473684210527
18,0.5789473684210527,0.45614035087719296,0.3157894736842105,0.38596491228070173,0.5789473684210527
36,0.5789473684210527,0.38596491228070173,0.49122807017543857,0.3157894736842105,0.5789473684210527
36,0.6666666666666666,0.38596491228070173,0.38596491228070173,0.42105263157894735,0.49122807017543857
18,0.6491228070175439,0.38596491228070173,0.3508771929824561,0.5263157894736842,0.7719298245614035
15,0.49122807017543857,0.38596491228070173,0.2631578947368421,0.47368421052631576,0.8070175438596491
12,0.49122807017543857,0.7543859649122807,0.3684210526315789,0.42105263157894735,0.8070175438596491
