label,Beacon_1,Beacon_2,Beacon_3,Beacon_4,Beacon_5,Beacon_6,Beacon_7
12,0.6140350877192983,0.5263157894736842,0.42105263157894735,0.7192982456140351,0.3157894736842105,0.5614035087719298,0.631578947368421
15,0.543859649122807,0.45614035087719296,0.5964912280701754,0.7017543859649122,0.4122807017543859,0.22807017543859648,0.8421052631578947
18,0.5789473684210527,0.42105263157894735,0.45614035087719296,0.5701754385964912,0.3157894736842105,0.38596491228070173,0.6052631578947368
36,0.5789473684210527,0.47368421052631576,0.45614035087719296,0.5526315789473684,0.49122807017543857,0.38596491228070173,0.6140350877192983
36,0.49122807017543857,0.43859649122807015,0.5789473684210527,0.4649122807017544,0.39473684210526316,0.42105263157894735,0.42105263157894735
18,0.6491228070175439,0.3771929824561403,0.45614035087719296,0.40350877192982454,0.39473684210526316,0.35964912280701755,0.7719298245614035
15,0.49122807017543857,0.19298245614035087,0.5789473684210527,0.5701754385964912,0.3157894736842105,0.47368421052631576,0.7456140350877193
12,0.42105263157894735,0.7543859649122807,0.5789473684210527,0.6140350877192983,0.3684210526315789,0.42105263157894735,0.6842105263157895
