label,Beacon_1,Beacon_2,Beacon_5,Beacon_6
21,0.48333333333333334,0.4666666666666667,0.4,0.9833333333333333
41,0.4666666666666667,0.45,0.6666666666666666,0.48333333333333334
36,0.4666666666666667,0.55,0.45,0.4666666666666667
16,0.5833333333333334,0.55,0.45,0.5166666666666667
11,0.5833333333333334,0.5666666666666667,0.45,0.5
1,0.5666666666666667,0.9166666666666666,0.0,0.5
31,0.8,0.55,0.26666666666666666,0.4166666666666667
