label,Beacon_1,Beacon_2,Beacon_5,Beacon_6,Beacon_7
21,0.5,0.44166666666666665,0.44166666666666665,0.975,0.5166666666666667
41,0.5222222222222223,0.43333333333333335,0.6222222222222222,0.6055555555555556,0.4277777777777778
36,0.6833333333333333,0.55,0.4166666666666667,0.41666666666666663,0.7749999999999999
16,0.625,0.6166666666666667,0.26666666666666666,0.55,0.8500000000000001
11,0.6083333333333334,0.48333333333333334,0.3833333333333333,0.5583333333333333,0.7416666666666667
1,0.6083333333333334,0.8333333333333333,0.19166666666666668,0.4666666666666667,0.5416666666666667
31,0.8,0.525,0.325,0.4166666666666667,0.5333333333333333
