label,Beacon_1,Beacon_2,Beacon_5,Beacon_6,Beacon_7
21,0.5083333333333333,0.4166666666666667,0.44166666666666665,0.9833333333333333,0.5166666666666667
41,0.5083333333333333,0.4666666666666667,0.6416666666666666,0.48333333333333334,0.36666666666666664
36,0.7166666666666667,0.55,0.4166666666666667,0.36666666666666664,0.7333333333333333
16,0.5833333333333334,0.6166666666666667,0.26666666666666666,0.55,0.8500000000000001
11,0.6083333333333334,0.5666666666666667,0.3833333333333333,0.55,0.7416666666666667
1,0.5666666666666667,0.5666666666666667,0.19166666666666668,0.48333333333333334,0.5416666666666667
31,0.8,0.525,0.325,0.4166666666666667,0.5333333333333333
