label,Beacon_1,Beacon_2,Beacon_3,Beacon_4,Beacon_5,Beacon_6,Beacon_7
21,0.48333333333333334,0.4666666666666667,0.38333333333333336,0.5666666666666667,0.4,0.9833333333333333,0.5166666666666667
41,0.4666666666666667,0.45,0.38333333333333336,0.5333333333333333,0.6666666666666666,0.48333333333333334,0.4277777777777778
36,0.4666666666666667,0.55,0.5,0.5333333333333333,0.45,0.4666666666666667,0.7749999999999999
16,0.5833333333333334,0.55,0.5,0.65,0.45,0.5166666666666667,0.8333333333333334
11,0.5833333333333334,0.5666666666666667,0.5583333333333333,0.65,0.45,0.5,0.7833333333333333
1,0.5666666666666667,0.9166666666666666,0.5583333333333333,0.4666666666666667,0.0,0.5,0.5
31,0.8,0.55,0.5,0.38333333333333336,0.26666666666666666,0.4166666666666667,0.5333333333333333
