label,Beacon_1,Beacon_2,Beacon_5,Beacon_6,Beacon_7
12,0.43589743589743596,0.7846153846153846,0.4153846153846154,0.5538461538461539,0.6153846153846154
15,0.5461538461538462,0.6538461538461539,0.43846153846153846,0.46153846153846156,0.8
18,0.3076923076923077,0.6384615384615384,0.43846153846153846,0.5692307692307692,0.6615384615384615
36,0.6,0.4153846153846154,0.43846153846153846,0.4564102564102564,0.7076923076923077
36,0.6461538461538462,0.5230769230769231,0.43846153846153846,0.4564102564102564,0.5846153846153846
18,0.6153846153846154,0.5692307692307692,0.46153846153846156,0.46153846153846156,0.7384615384615385
15,0.4538461538461539,0.49230769230769234,0.38461538461538464,0.46923076923076923,0.8307692307692308
12,0.47692307692307695,0.5846153846153846,0.38461538461538464,0.4615384615384615,0.7538461538461538
