label,Beacon_1,Beacon_2,Beacon_5,Beacon_6
12,0.43589743589743596,0.6666666666666666,0.35897435897435903,0.5487179487179488
15,0.5692307692307693,0.682051282051282,0.44102564102564107,0.5384615384615384
18,0.45384615384615384,0.6384615384615384,0.3384615384615385,0.5692307692307692
36,0.5589743589743589,0.4153846153846154,0.4461538461538462,0.4564102564102564
36,0.6461538461538462,0.5307692307692308,0.47692307692307695,0.46153846153846156
18,0.6,0.5538461538461538,0.47692307692307695,0.4615384615384615
15,0.47179487179487184,0.49230769230769234,0.38461538461538464,0.4256410256410256
12,0.49230769230769234,0.6000000000000001,0.4051282051282052,0.4615384615384615
