label,Beacon_1,Beacon_2,Beacon_3,Beacon_4,Beacon_5,Beacon_6,Beacon_7
12,0.3384615384615385,0.6666666666666666,0.6153846153846154,0.7538461538461538,0.35897435897435903,0.5538461538461539,0.6051282051282052
15,0.5461538461538462,0.682051282051282,0.6256410256410256,0.6615384615384615,0.43846153846153846,0.5538461538461539,0.8153846153846154
18,0.6,0.6307692307692307,0.6,0.5230769230769231,0.3384615384615385,0.5692307692307692,0.7
36,0.5589743589743589,0.4153846153846154,0.6,0.5743589743589744,0.43846153846153846,0.4564102564102564,0.7076923076923077
36,0.6461538461538462,0.5307692307692308,0.7615384615384615,0.6153846153846154,0.49230769230769234,0.47692307692307695,0.6230769230769231
18,0.6,0.5461538461538462,0.7025641025641026,0.641025641025641,0.47692307692307695,0.46153846153846156,0.7384615384615385
15,0.47179487179487184,0.49230769230769234,0.6923076923076923,0.5538461538461539,0.38461538461538464,0.4256410256410256,0.8307692307692308
12,0.49230769230769234,0.6076923076923078,0.6205128205128205,0.7025641025641026,0.4076923076923077,0.4461538461538462,0.7538461538461538
