label,Beacon_1,Beacon_2,Beacon_3,Beacon_4,Beacon_5,Beacon_6,Beacon_7
2,0.4153846153846154,0.676923076923077,0.5153846153846153,0.5076923076923077,0.3076923076923077,0.4307692307692308,0.5923076923076923
5,0.5615384615384615,0.5230769230769231,0.5,0.4538461538461539,0.3230769230769231,0.38461538461538464,0.4230769230769231
8,0.6,0.6,0.43846153846153846,0.5615384615384615,0.3076923076923077,0.4153846153846154,0.5615384615384615
31,0.5153846153846153,0.5076923076923077,0.523076923076923,0.523076923076923,0.38461538461538464,0.5076923076923077,0.5230769230769231
31,0.805128205128205,0.5333333333333333,0.5538461538461538,0.441025641025641,0.3282051282051282,0.4358974358974359,0.6000000000000001
8,0.6923076923076923,0.5153846153846154,0.36923076923076925,0.46923076923076923,0.3230769230769231,0.49230769230769234,0.4153846153846154
5,0.6307692307692307,0.5769230769230769,0.4461538461538462,0.5846153846153846,0.30000000000000004,0.3769230769230769,0.5076923076923077
2,0.5230769230769231,0.676923076923077,0.5076923076923077,0.5230769230769231,0.3076923076923077,0.3384615384615385,0.5846153846153846
