label,Beacon_1,Beacon_2,Beacon_5,Beacon_6,Beacon_7
2,0.4153846153846154,0.676923076923077,0.3230769230769231,0.49230769230769234,0.5923076923076923
5,0.5538461538461539,0.5230769230769231,0.3230769230769231,0.38461538461538464,0.5692307692307692
8,0.5538461538461539,0.5076923076923077,0.3076923076923077,0.4153846153846154,0.5615384615384615
31,0.3384615384615385,0.5538461538461539,0.38461538461538464,0.49230769230769234,0.5230769230769231
31,0.8307692307692307,0.5333333333333333,0.3076923076923077,0.4,0.6000000000000001
8,0.7230769230769231,0.5153846153846154,0.38461538461538464,0.49230769230769234,0.4153846153846154
5,0.6307692307692307,0.5769230769230769,0.30000000000000004,0.3769230769230769,0.5384615384615384
2,0.5692307692307692,0.676923076923077,0.3076923076923077,0.3769230769230769,0.5846153846153846
