label,Beacon_1,Beacon_2,Beacon_5,Beacon_6
2,0.4153846153846154,0.676923076923077,0.3076923076923077,0.4307692307692308
5,0.5615384615384615,0.5230769230769231,0.3230769230769231,0.38461538461538464
8,0.6,0.6,0.3076923076923077,0.4153846153846154
31,0.5153846153846153,0.5076923076923077,0.38461538461538464,0.5076923076923077
31,0.805128205128205,0.5333333333333333,0.3282051282051282,0.4358974358974359
8,0.6923076923076923,0.5153846153846154,0.3230769230769231,0.49230769230769234
5,0.6307692307692307,0.5769230769230769,0.30000000000000004,0.3769230769230769
2,0.5230769230769231,0.676923076923077,0.3076923076923077,0.3384615384615385
