label,Beacon_1,Beacon_2,Beacon_5,Beacon_6
2,0.4153846153846154,0.676923076923077,0.3076923076923077,0.36923076923076925
5,0.5538461538461539,0.5846153846153846,0.3230769230769231,0.38461538461538464
8,0.5538461538461539,0.6923076923076923,0.3230769230769231,0.4153846153846154
31,0.5538461538461539,0.6923076923076923,0.38461538461538464,0.4153846153846154
31,0.8,0.5333333333333333,0.36923076923076925,0.36923076923076925
8,0.6615384615384615,0.5153846153846154,0.38461538461538464,0.47692307692307695
5,0.6307692307692307,0.5769230769230769,0.2923076923076923,0.2923076923076923
2,0.5230769230769231,0.7230769230769231,0.27692307692307694,0.3384615384615385
