label,Beacon_1,Beacon_2,Beacon_5,Beacon_6
22,0.3384615384615385,0.4,0.5384615384615384,0.5769230769230769
25,0.18461538461538463,0.35384615384615387,0.5384615384615384,0.5769230769230769
28,0.5076923076923077,0.43846153846153846,0.5589743589743589,0.6538461538461539
41,0.5846153846153846,0.35384615384615387,0.5384615384615384,0.5230769230769231
41,0.4,0.34615384615384615,0.49230769230769234,0.5230769230769231
28,0.4461538461538462,0.4,0.4153846153846154,0.6461538461538462
25,0.4307692307692308,0.49230769230769234,0.5307692307692308,0.3538461538461538
22,0.4307692307692308,0.4307692307692308,0.46153846153846156,0.7692307692307692
