label,Beacon_1,Beacon_2,Beacon_3,Beacon_4,Beacon_5,Beacon_6
22,0.30000000000000004,0.4,0.5846153846153846,0.6461538461538461,0.49230769230769234,0.7384615384615385
25,0.27692307692307694,0.35384615384615387,0.36923076923076925,0.5384615384615385,0.5307692307692308,0.5769230769230769
28,0.5076923076923077,0.39487179487179486,0.35897435897435903,0.5641025641025641,0.5589743589743589,0.6769230769230768
41,0.5846153846153846,0.35384615384615387,0.6307692307692307,0.5923076923076923,0.5384615384615384,0.5769230769230769
41,0.4,0.34615384615384615,0.5769230769230769,0.4230769230769231,0.49230769230769234,0.5230769230769231
28,0.4461538461538462,0.38461538461538464,0.4,0.46153846153846156,0.4153846153846154,0.6076923076923078
25,0.4307692307692308,0.48461538461538467,0.5307692307692308,0.5076923076923077,0.5307692307692308,0.3538461538461538
22,0.4256410256410256,0.4307692307692308,0.6051282051282052,0.5384615384615384,0.5025641025641026,0.7692307692307692
