label,Beacon_1,Beacon_2,Beacon_5,Beacon_6,Beacon_7
22,0.30000000000000004,0.4,0.5384615384615384,0.5769230769230769,0.35384615384615387
25,0.36923076923076925,0.35384615384615387,0.5307692307692308,0.5769230769230769,0.35384615384615387
28,0.5076923076923077,0.38461538461538464,0.5589743589743589,0.5769230769230769,0.5384615384615385
41,0.5846153846153846,0.4,0.5384615384615384,0.5230769230769231,0.5384615384615385
41,0.4,0.3384615384615385,0.49230769230769234,0.6153846153846154,0.5307692307692308
28,0.4,0.36923076923076925,0.49230769230769234,0.6461538461538462,0.5307692307692308
25,0.4,0.47692307692307695,0.5307692307692308,0.6461538461538462,0.3076923076923077
22,0.4256410256410256,0.4153846153846154,0.5230769230769231,0.7769230769230769,0.5230769230769231
