label,Beacon_1,Beacon_2,Beacon_5,Beacon_6,Beacon_7
12,0.5833333333333334,0.6833333333333333,0.44166666666666665,0.48333333333333334,0.8333333333333333
15,0.4666666666666667,0.4,0.44166666666666665,0.48333333333333334,0.8333333333333333
18,0.5916666666666667,0.6,0.4166666666666667,0.48333333333333334,0.7416666666666667
36,0.5,0.6,0.31666666666666665,0.48333333333333334,0.7416666666666667
36,0.6,0.475,0.31666666666666665,0.48333333333333334,0.7749999999999999
18,0.6416666666666666,0.5333333333333333,0.36666666666666664,0.55,0.7749999999999999
15,0.475,0.5333333333333333,0.55,0.5,0.7
12,0.45,0.6333333333333333,0.45,0.5,0.65
