label,Beacon_1,Beacon_2,Beacon_3,Beacon_4,Beacon_5,Beacon_6
12,0.5833333333333334,0.6,0.7,0.7833333333333334,0.5,0.42500000000000004
15,0.4666666666666667,0.5,0.4,0.7,0.44166666666666665,0.48333333333333334
18,0.5916666666666667,0.5888888888888889,0.6333333333333333,0.6916666666666667,0.37777777777777777,0.31666666666666665
36,0.5083333333333333,0.38333333333333336,0.7666666666666667,0.5,0.31666666666666665,0.45
36,0.6111111111111112,0.475,0.75,0.6,0.5,0.42777777777777776
18,0.6416666666666666,0.5333333333333333,0.6833333333333333,0.6499999999999999,0.36666666666666664,0.55
15,0.48333333333333334,0.6083333333333334,0.31666666666666665,0.65,0.55,0.525
12,0.45,0.7,0.5166666666666667,0.75,0.44166666666666665,0.43333333333333335
