label,Beacon_1,Beacon_2,Beacon_5,Beacon_6
12,0.5833333333333334,0.6416666666666666,0.48333333333333334,0.42500000000000004
15,0.4666666666666667,0.5,0.44166666666666665,0.4916666666666667
18,0.6055555555555555,0.5888888888888889,0.37777777777777777,0.4277777777777778
36,0.5083333333333333,0.4083333333333333,0.31666666666666665,0.45
36,0.6111111111111112,0.4777777777777778,0.45,0.42777777777777776
18,0.6416666666666666,0.5333333333333333,0.32499999999999996,0.55
15,0.475,0.6083333333333334,0.5666666666666667,0.525
12,0.45,0.6333333333333333,0.44166666666666665,0.43333333333333335
