label,Beacon_1,Beacon_2,Beacon_3,Beacon_4,Beacon_5,Beacon_6
2,0.19298245614035087,0.6228070175438596,0.40350877192982454,0.3157894736842105,0.2631578947368421,0.3684210526315789
5,0.45614035087719296,0.5175438596491229,0.39473684210526316,0.3684210526315789,0.2807017543859649,0.24561403508771928
8,0.4970760233918128,0.5847953216374269,0.3859649122807018,0.34502923976608185,0.1929824561403509,0.33918128654970764
31,0.6140350877192983,0.5877192982456141,0.5964912280701755,0.40350877192982454,0.42105263157894735,0.3157894736842105
31,0.736842105263158,0.49122807017543857,0.3771929824561403,0.38596491228070173,0.22807017543859648,0.24561403508771928
8,0.6608187134502924,0.6081871345029239,0.42105263157894735,0.4035087719298245,0.27485380116959063,0.4502923976608187
5,0.543859649122807,0.6578947368421053,0.17543859649122806,0.4298245614035088,0.22807017543859648,0.43859649122807015
2,0.43859649122807015,0.543859649122807,0.49122807017543857,0.32456140350877194,0.2894736842105263,0.3508771929824561
