label,Beacon_1,Beacon_2,Beacon_5,Beacon_6
2,0.19298245614035087,0.49122807017543857,0.2631578947368421,0.3333333333333333
5,0.19298245614035087,0.49122807017543857,0.3157894736842105,0.3333333333333333
8,0.19298245614035087,0.38596491228070173,0.3157894736842105,0.42105263157894735
31,0.7192982456140351,0.631578947368421,0.40350877192982454,0.3333333333333333
31,0.7192982456140351,0.543859649122807,0.22807017543859648,0.15789473684210525
8,0.6491228070175439,0.543859649122807,0.2982456140350877,0.42105263157894735
5,0.6491228070175439,0.6666666666666666,0.22807017543859648,0.42105263157894735
2,0.43859649122807015,0.543859649122807,0.2894736842105263,0.24561403508771928
