label,Beacon_1,Beacon_2,Beacon_3,Beacon_4,Beacon_5,Beacon_6,Beacon_7
2,0.19298245614035087,0.49122807017543857,0.40350877192982454,0.3157894736842105,0.2631578947368421,0.3684210526315789,0.40350877192982454
5,0.49122807017543857,0.49122807017543857,0.39473684210526316,0.3508771929824561,0.24561403508771928,0.3157894736842105,0.3508771929824561
8,0.5263157894736842,0.5438596491228069,0.38596491228070173,0.23684210526315788,0.1929824561403509,0.40350877192982454,0.49122807017543857
31,0.6140350877192983,0.543859649122807,0.5964912280701755,0.40350877192982454,0.42105263157894735,0.3157894736842105,0.5
31,0.736842105263158,0.543859649122807,0.43859649122807015,0.38596491228070173,0.22807017543859648,0.15789473684210525,0.5614035087719298
8,0.6491228070175439,0.6081871345029239,0.42105263157894735,0.3157894736842105,0.2982456140350877,0.4298245614035088,0.5087719298245614
5,0.5087719298245614,0.6491228070175439,0.17543859649122806,0.4298245614035088,0.22807017543859648,0.43859649122807015,0.4298245614035088
2,0.43859649122807015,0.543859649122807,0.49122807017543857,0.21052631578947367,0.2894736842105263,0.24561403508771928,0.5877192982456141
