label,Beacon_1,Beacon_2,Beacon_5,Beacon_6,Beacon_7
21,0.2608695652173913,0.36231884057971014,0.4782608695652174,0.7971014492753623,0.4492753623188406
41,0.5942028985507246,0.4782608695652174,0.6086956521739131,0.4202898550724637,0.5072463768115942
36,0.5,0.4347826086956522,0.4492753623188406,0.4347826086956522,0.6884057971014492
16,0.5,0.5797101449275363,0.4492753623188406,0.391304347826087,0.463768115942029
11,0.5,0.4057971014492754,0.34782608695652173,0.429951690821256,0.7028985507246377
1,0.5362318840579711,0.6521739130434783,0.35507246376811596,0.429951690821256,0.45410628019323673
31,0.5507246376811594,0.5024154589371981,0.30434782608695654,0.3188405797101449,0.5072463768115942
