label,Beacon_1,Beacon_2,Beacon_3,Beacon_4,Beacon_5,Beacon_6,Beacon_7
21,0.2608695652173913,0.36231884057971014,0.34782608695652173,0.4130434782608696,0.4830917874396135,0.7777777777777777,0.5362318840579711
41,0.5893719806763285,0.46859903381642515,0.5072463768115942,0.5120772946859904,0.6086956521739131,0.42028985507246375,0.45410628019323673
36,0.5507246376811594,0.3333333333333333,0.5072463768115942,0.30434782608695654,0.45410628019323673,0.4347826086956522,0.6956521739130435
16,0.13043478260869565,0.5797101449275363,0.5362318840579711,0.5,0.4782608695652174,0.3840579710144928,0.463768115942029
11,0.4492753623188406,0.4057971014492754,0.5579710144927537,0.6376811594202898,0.2753623188405797,0.429951690821256,0.7028985507246377
1,0.5410628019323672,0.6231884057971014,0.35507246376811596,0.5217391304347826,0.33816425120772947,0.36231884057971014,0.463768115942029
31,0.5507246376811594,0.5024154589371981,0.5144927536231885,0.3768115942028986,0.30434782608695654,0.2753623188405797,0.46859903381642515
