label,Beacon_1,Beacon_2,Beacon_3,Beacon_4,Beacon_5,Beacon_6
21,0.2608695652173913,0.3586956521739131,0.3550724637681159,0.4130434782608696,0.48550724637681164,0.7826086956521738
41,0.5833333333333333,0.4673913043478261,0.5072463768115942,0.5108695652173914,0.6086956521739131,0.42028985507246375
36,0.5072463768115942,0.40096618357487923,0.6618357487922705,0.41545893719806765,0.45410628019323673,0.42512077294685996
16,0.3115942028985507,0.5797101449275363,0.4927536231884058,0.5,0.4782608695652174,0.3840579710144928
11,0.45410628019323673,0.4057971014492754,0.5893719806763286,0.6521739130434784,0.30434782608695654,0.429951690821256
1,0.5410628019323672,0.6328502415458938,0.38164251207729466,0.5169082125603865,0.33816425120772947,0.36231884057971014
31,0.5507246376811594,0.5217391304347826,0.5144927536231885,0.3840579710144928,0.30434782608695654,0.2971014492753623
