label,Beacon_1,Beacon_2,Beacon_5,Beacon_6
21,0.2608695652173913,0.36231884057971014,0.4830917874396135,0.7777777777777777
41,0.5893719806763285,0.46859903381642515,0.6086956521739131,0.42028985507246375
36,0.5507246376811594,0.3333333333333333,0.45410628019323673,0.4347826086956522
16,0.13043478260869565,0.5797101449275363,0.4782608695652174,0.3840579710144928
11,0.4492753623188406,0.4057971014492754,0.2753623188405797,0.429951690821256
1,0.5410628019323672,0.6231884057971014,0.33816425120772947,0.36231884057971014
31,0.5507246376811594,0.5024154589371981,0.30434782608695654,0.2753623188405797
