label,Beacon_1,Beacon_2,Beacon_3,Beacon_4,Beacon_5,Beacon_6
21,0.43859649122807015,0.3771929824561403,0.40350877192982454,0.5175438596491229,0.2543859649122807,0.8596491228070176
41,0.5,0.3421052631578947,0.6228070175438596,0.40350877192982454,0.631578947368421,0.3333333333333333
36,0.3333333333333333,0.39473684210526316,0.6140350877192983,0.4298245614035088,0.42105263157894735,0.43859649122807015
16,0.48245614035087714,0.39473684210526316,0.4824561403508772,0.5438596491228069,0.3684210526315789,0.39473684210526316
11,0.47368421052631576,0.40350877192982454,0.5350877192982456,0.7719298245614035,0.2982456140350877,0.43859649122807015
1,0.47368421052631576,0.7368421052631579,0.47368421052631576,0.17543859649122806,0.22807017543859648,0.42105263157894735
31,0.7894736842105263,0.5526315789473684,0.45614035087719296,0.39473684210526316,0.3333333333333333,0.24561403508771928
