label,Beacon_1,Beacon_2,Beacon_5,Beacon_6
21,0.43859649122807015,0.3771929824561403,0.2543859649122807,0.8596491228070176
41,0.5,0.3421052631578947,0.631578947368421,0.3333333333333333
36,0.3333333333333333,0.39473684210526316,0.42105263157894735,0.43859649122807015
16,0.48245614035087714,0.39473684210526316,0.3684210526315789,0.39473684210526316
11,0.47368421052631576,0.40350877192982454,0.2982456140350877,0.43859649122807015
1,0.47368421052631576,0.7368421052631579,0.22807017543859648,0.42105263157894735
31,0.7894736842105263,0.5526315789473684,0.3333333333333333,0.24561403508771928
