label,Beacon_1,Beacon_2,Beacon_3,Beacon_4,Beacon_5,Beacon_6
21,0.43859649122807015,0.3771929824561403,0.3508771929824561,0.543859649122807,0.6140350877192983,0.8596491228070176
41,0.5263157894736842,0.3421052631578947,0.6491228070175439,0.543859649122807,0.6140350877192983,0.47368421052631576
36,0.3333333333333333,0.39473684210526316,0.6140350877192983,0.4122807017543859,0.42105263157894735,0.43859649122807015
16,0.47368421052631576,0.48245614035087714,0.6140350877192983,0.4122807017543859,0.3684210526315789,0.3684210526315789
11,0.47368421052631576,0.5087719298245614,0.5350877192982456,0.4122807017543859,0.2982456140350877,0.543859649122807
1,0.38596491228070173,0.5087719298245614,0.42105263157894735,0.17543859649122806,0.10526315789473684,0.42105263157894735
31,0.7894736842105263,0.5087719298245614,0.40350877192982454,0.39473684210526316,0.2807017543859649,0.3508771929824561
