label,Beacon_1,Beacon_2,Beacon_3,Beacon_4,Beacon_5,Beacon_6
21,0.39473684210526316,0.3771929824561403,0.3508771929824561,0.5175438596491229,0.2543859649122807,0.7982456140350878
41,0.5,0.3421052631578947,0.6228070175438596,0.4122807017543859,0.631578947368421,0.3333333333333333
36,0.39766081871345027,0.42105263157894735,0.672514619883041,0.42105263157894735,0.42105263157894735,0.43859649122807015
16,0.4619883040935672,0.47368421052631576,0.5263157894736842,0.5730994152046783,0.38011695906432746,0.3859649122807018
11,0.47368421052631576,0.5087719298245614,0.5350877192982456,0.7719298245614035,0.3684210526315789,0.49122807017543857
1,0.47368421052631576,0.7719298245614035,0.4473684210526315,0.2894736842105263,0.22807017543859648,0.42105263157894735
31,0.7192982456140351,0.5526315789473684,0.40350877192982454,0.39473684210526316,0.2807017543859649,0.3508771929824561
