label,Beacon_1,Beacon_2,Beacon_3,Beacon_4,Beacon_5,Beacon_6
2,0.5748792270531401,0.5362318840579711,0.42028985507246375,0.5,0.43478260869565216,0.4202898550724637
5,0.5579710144927537,0.5942028985507246,0.5072463768115942,0.34782608695652173,0.2826086956521739,0.3526570048309179
8,0.4057971014492754,0.43478260869565216,0.42028985507246375,0.42028985507246375,0.2318840579710145,0.391304347826087
31,0.6521739130434783,0.39855072463768115,0.463768115942029,0.30434782608695654,0.2898550724637681,0.43478260869565216
31,0.3768115942028985,0.5362318840579711,0.44202898550724634,0.36231884057971014,0.2463768115942029,0.37681159420289856
8,0.46859903381642515,0.6014492753623188,0.2995169082125604,0.3091787439613527,0.18115942028985507,0.2995169082125604
5,0.43478260869565216,0.4782608695652174,0.4057971014492754,0.37681159420289856,0.3188405797101449,0.2753623188405797
2,0.45893719806763283,0.7536231884057972,0.4057971014492754,0.41304347826086957,0.2246376811594203,0.21739130434782608
