label,Beacon_1,Beacon_2,Beacon_5,Beacon_6
2,0.6183574879227054,0.5434782608695652,0.429951690821256,0.4202898550724637
5,0.5700483091787439,0.5942028985507246,0.2898550724637681,0.3333333333333333
8,0.4057971014492754,0.43478260869565216,0.2318840579710145,0.4057971014492754
31,0.6521739130434783,0.39855072463768115,0.3188405797101449,0.43478260869565216
31,0.3188405797101449,0.5217391304347826,0.2753623188405797,0.28260869565217395
8,0.4492753623188406,0.6231884057971014,0.13043478260869565,0.3333333333333333
5,0.43478260869565216,0.4420289855072464,0.3188405797101449,0.2898550724637681
2,0.5072463768115942,0.8115942028985508,0.14492753623188406,0.21739130434782608
