label,Beacon_1,Beacon_2,Beacon_3,Beacon_4,Beacon_5,Beacon_6
2,0.5869565217391305,0.5326086956521738,0.40217391304347827,0.5,0.43115942028985504,0.42028985507246375
5,0.5579710144927537,0.5942028985507246,0.5072463768115942,0.34782608695652173,0.3115942028985507,0.34782608695652173
8,0.4057971014492754,0.43478260869565216,0.3961352657004831,0.4202898550724637,0.2753623188405797,0.391304347826087
31,0.6521739130434783,0.40096618357487923,0.45410628019323673,0.2946859903381643,0.2898550724637681,0.43478260869565216
31,0.3768115942028985,0.5265700483091788,0.43961352657004826,0.37198067632850246,0.2560386473429952,0.2705314009661836
8,0.4710144927536232,0.6014492753623188,0.34782608695652173,0.3224637681159421,0.18115942028985507,0.3079710144927536
5,0.4166666666666667,0.46014492753623193,0.3949275362318841,0.36231884057971014,0.3188405797101449,0.2681159420289855
2,0.45893719806763283,0.7536231884057972,0.4057971014492754,0.4106280193236715,0.2028985507246377,0.21739130434782608
