label,Beacon_1,Beacon_2,Beacon_3,Beacon_4,Beacon_5,Beacon_6,Beacon_7
2,0.6183574879227054,0.5434782608695652,0.42028985507246375,0.34782608695652173,0.429951690821256,0.4202898550724637,0.5507246376811594
5,0.5700483091787439,0.5942028985507246,0.5072463768115942,0.34782608695652173,0.2898550724637681,0.3333333333333333,0.4492753623188406
8,0.4057971014492754,0.43478260869565216,0.34782608695652173,0.4202898550724637,0.2318840579710145,0.4057971014492754,0.429951690821256
31,0.6521739130434783,0.39855072463768115,0.34782608695652173,0.30434782608695654,0.3188405797101449,0.43478260869565216,0.5362318840579711
31,0.3188405797101449,0.5217391304347826,0.34782608695652173,0.36231884057971014,0.2753623188405797,0.28260869565217395,0.5362318840579711
8,0.4492753623188406,0.6231884057971014,0.3768115942028986,0.36231884057971014,0.13043478260869565,0.3333333333333333,0.5507246376811594
5,0.43478260869565216,0.4420289855072464,0.4057971014492754,0.34782608695652173,0.3188405797101449,0.2898550724637681,0.44202898550724634
2,0.5072463768115942,0.8115942028985508,0.39855072463768115,0.39855072463768115,0.14492753623188406,0.21739130434782608,0.46859903381642515
