label,Beacon_1,Beacon_2,Beacon_5,Beacon_6,Beacon_7
2,0.5869565217391305,0.5326086956521738,0.43115942028985504,0.42028985507246375,0.5434782608695652
5,0.5579710144927537,0.5942028985507246,0.3115942028985507,0.34782608695652173,0.4492753623188406
8,0.4057971014492754,0.43478260869565216,0.2753623188405797,0.391304347826087,0.429951690821256
31,0.6521739130434783,0.40096618357487923,0.2898550724637681,0.43478260869565216,0.5217391304347826
31,0.3768115942028985,0.5265700483091788,0.2560386473429952,0.2705314009661836,0.4975845410628019
8,0.4710144927536232,0.6014492753623188,0.18115942028985507,0.3079710144927536,0.532608695652174
5,0.4166666666666667,0.46014492753623193,0.3188405797101449,0.2681159420289855,0.4384057971014492
2,0.45893719806763283,0.7536231884057972,0.2028985507246377,0.21739130434782608,0.46859903381642515
