label,Beacon_1,Beacon_2,Beacon_5,Beacon_6,Beacon_7
22,0.43859649122807015,0.3070175438596491,0.38596491228070173,0.6140350877192983,0.4824561403508772
25,0.17543859649122806,0.43859649122807015,0.3684210526315789,0.6666666666666666,0.5263157894736842
28,0.5,0.3333333333333333,0.4298245614035088,0.543859649122807,0.5789473684210527
41,0.5526315789473684,0.39473684210526316,0.543859649122807,0.32456140350877194,0.543859649122807
41,0.543859649122807,0.43859649122807015,0.5526315789473684,0.5614035087719298,0.543859649122807
28,0.40350877192982454,0.33333333333333337,0.7017543859649122,0.5526315789473684,0.5263157894736842
25,0.24561403508771928,0.4122807017543859,0.45614035087719296,0.5087719298245614,0.543859649122807
22,0.4649122807017544,0.4122807017543859,0.4473684210526315,0.5526315789473684,0.3684210526315789
