label,Beacon_1,Beacon_2,Beacon_5,Beacon_6,Beacon_7
22,0.40350877192982454,0.3070175438596491,0.43859649122807015,0.6666666666666666,0.38596491228070173
25,0.40350877192982454,0.43859649122807015,0.43859649122807015,0.6666666666666666,0.6140350877192983
28,0.40350877192982454,0.43859649122807015,0.2982456140350877,0.6666666666666666,0.47368421052631576
41,0.40350877192982454,0.39473684210526316,0.5087719298245614,0.43859649122807015,0.47368421052631576
41,0.5701754385964912,0.43859649122807015,0.5087719298245614,0.5614035087719298,0.543859649122807
28,0.40350877192982454,0.15789473684210525,0.6228070175438596,0.5614035087719298,0.5263157894736842
25,0.3333333333333333,0.4122807017543859,0.45614035087719296,0.5087719298245614,0.5789473684210527
22,0.38596491228070173,0.17543859649122806,0.45614035087719296,0.5087719298245614,0.3684210526315789
