label,Beacon_1,Beacon_2,Beacon_3,Beacon_4,Beacon_5,Beacon_6
22,0.40350877192982454,0.3070175438596491,0.2631578947368421,0.5789473684210527,0.43859649122807015,0.6666666666666666
25,0.40350877192982454,0.43859649122807015,0.3508771929824561,0.5526315789473684,0.43859649122807015,0.6666666666666666
28,0.40350877192982454,0.43859649122807015,0.3508771929824561,0.38596491228070173,0.2982456140350877,0.6666666666666666
41,0.40350877192982454,0.39473684210526316,0.40350877192982454,0.49122807017543857,0.5087719298245614,0.43859649122807015
41,0.5701754385964912,0.43859649122807015,0.38596491228070173,0.49122807017543857,0.5087719298245614,0.5614035087719298
28,0.40350877192982454,0.15789473684210525,0.45614035087719296,0.5087719298245614,0.6228070175438596,0.5614035087719298
25,0.3333333333333333,0.4122807017543859,0.4824561403508772,0.45614035087719296,0.45614035087719296,0.5087719298245614
22,0.38596491228070173,0.17543859649122806,0.3157894736842105,0.3508771929824561,0.45614035087719296,0.5087719298245614
