label,Beacon_1,Beacon_2,Beacon_5,Beacon_6
22,0.43859649122807015,0.3070175438596491,0.43859649122807015,0.6578947368421053
25,0.27192982456140347,0.43859649122807015,0.3684210526315789,0.6666666666666666
28,0.5,0.42105263157894735,0.4298245614035088,0.543859649122807
41,0.5526315789473684,0.39473684210526316,0.5087719298245614,0.32456140350877194
41,0.5701754385964912,0.35964912280701755,0.5526315789473684,0.5614035087719298
28,0.40350877192982454,0.33333333333333337,0.6228070175438596,0.5526315789473684
25,0.3333333333333333,0.4122807017543859,0.45614035087719296,0.5263157894736843
22,0.4649122807017544,0.2807017543859649,0.4473684210526315,0.5526315789473684
