label,Beacon_1,Beacon_2,Beacon_3,Beacon_4,Beacon_5,Beacon_6,Beacon_7
22,0.4166666666666667,0.45833333333333337,0.5583333333333333,0.6,0.55,0.6,0.6166666666666667
25,0.48333333333333334,0.35,0.5,0.5,0.5666666666666667,0.6083333333333334,0.6166666666666667
28,0.55,0.31666666666666665,0.5333333333333333,0.43333333333333335,0.5333333333333333,0.26666666666666666,0.55
41,0.55,0.3333333333333333,0.5083333333333333,0.5166666666666667,0.7666666666666667,0.5666666666666667,0.5166666666666666
41,0.38333333333333336,0.45833333333333337,0.6166666666666667,0.5,0.6,0.5166666666666667,0.5
28,0.5166666666666667,0.4833333333333334,0.6166666666666667,0.5,0.625,0.43333333333333335,0.5916666666666667
25,0.38333333333333336,0.41666666666666663,0.4666666666666667,0.55,0.4666666666666667,0.7166666666666667,0.45833333333333337
22,0.48333333333333334,0.35,0.4666666666666667,0.5083333333333333,0.5,0.6,0.44166666666666665
