label,Beacon_1,Beacon_2,Beacon_5,Beacon_6
22,0.5,0.45833333333333337,0.55,0.6333333333333333
25,0.48333333333333334,0.35,0.5333333333333333,0.6083333333333334
28,0.43333333333333335,0.32499999999999996,0.5333333333333333,0.3416666666666667
41,0.48333333333333334,0.3333333333333333,0.7416666666666667,0.5166666666666666
41,0.45833333333333337,0.45833333333333337,0.6416666666666666,0.5666666666666667
28,0.47500000000000003,0.4833333333333334,0.625,0.5166666666666666
25,0.45000000000000007,0.41666666666666663,0.4666666666666667,0.6833333333333333
22,0.48333333333333334,0.35,0.5,0.6722222222222222
