label,Beacon_1,Beacon_2,Beacon_3,Beacon_4,Beacon_5,Beacon_6
22,0.5,0.45833333333333337,0.5,0.6,0.55,0.6
25,0.5,0.45833333333333337,0.5,0.5166666666666666,0.5,0.65
28,0.55,0.32499999999999996,0.5333333333333333,0.5166666666666666,0.5333333333333333,0.26666666666666666
41,0.55,0.32499999999999996,0.5083333333333333,0.5166666666666667,0.7666666666666667,0.4666666666666667
41,0.38333333333333336,0.45833333333333337,0.6166666666666667,0.425,0.6416666666666666,0.6166666666666667
28,0.5166666666666667,0.4166666666666667,0.6166666666666667,0.525,0.6833333333333333,0.6
25,0.5166666666666667,0.41666666666666663,0.6166666666666667,0.55,0.4666666666666667,0.7166666666666667
22,0.5166666666666667,0.35,0.4916666666666667,0.5,0.45,0.6
