label,Beacon_1,Beacon_2,Beacon_3,Beacon_4,Beacon_5,Beacon_6,Beacon_7
21,0.46153846153846156,0.3615384615384616,0.49230769230769234,0.49230769230769234,0.46923076923076923,0.8,0.4076923076923077
41,0.38461538461538464,0.4,0.6,0.5384615384615384,0.7230769230769231,0.49230769230769234,0.5230769230769231
36,0.5692307692307692,0.5128205128205129,0.7333333333333334,0.5282051282051282,0.5538461538461539,0.4358974358974359,0.5897435897435898
16,0.4,0.6153846153846154,0.6384615384615384,0.6846153846153846,0.2923076923076923,0.5,0.8538461538461539
11,0.5128205128205128,0.5794871794871795,0.5282051282051282,0.7794871794871795,0.2923076923076923,0.5076923076923077,0.6102564102564103
1,0.4461538461538462,0.7769230769230769,0.49230769230769234,0.42307692307692313,0.3230769230769231,0.49230769230769234,0.5846153846153845
31,0.8384615384615385,0.5769230769230769,0.5769230769230769,0.5,0.3076923076923077,0.42307692307692313,0.5538461538461539
