label,Beacon_1,Beacon_2,Beacon_5,Beacon_6
21,0.5076923076923077,0.36923076923076925,0.4307692307692308,0.8
41,0.5076923076923077,0.36923076923076925,0.4307692307692308,0.8
36,0.5692307692307692,0.5692307692307692,0.4307692307692308,0.4307692307692308
16,0.4,0.5692307692307692,0.2923076923076923,0.47692307692307695
11,0.5076923076923077,0.5615384615384615,0.2923076923076923,0.5076923076923077
1,0.4461538461538462,0.8,0.3230769230769231,0.5076923076923077
31,0.8384615384615385,0.8,0.3076923076923077,0.5076923076923077
