label,Beacon_1,Beacon_2,Beacon_5,Beacon_6
21,0.46153846153846156,0.3615384615384616,0.4,0.8
41,0.38461538461538464,0.4,0.7230769230769231,0.4153846153846154
36,0.5692307692307692,0.48461538461538467,0.6153846153846154,0.42307692307692313
16,0.5692307692307692,0.48461538461538467,0.2923076923076923,0.47692307692307695
11,0.5230769230769231,0.5692307692307692,0.2923076923076923,0.5076923076923077
1,0.5230769230769231,0.7538461538461538,0.3230769230769231,0.49230769230769234
31,0.8384615384615385,0.5846153846153846,0.3076923076923077,0.5230769230769231
