label,Beacon_1,Beacon_2,Beacon_3,Beacon_4,Beacon_5,Beacon_6
21,0.5076923076923077,0.36923076923076925,0.5384615384615384,0.5384615384615384,0.4307692307692308,0.8
41,0.5076923076923077,0.36923076923076925,0.6,0.5384615384615384,0.4307692307692308,0.8
36,0.5692307692307692,0.5692307692307692,0.7307692307692308,0.5307692307692308,0.4307692307692308,0.4307692307692308
16,0.4,0.5692307692307692,0.6153846153846154,0.6923076923076923,0.2923076923076923,0.47692307692307695
11,0.5076923076923077,0.5615384615384615,0.5076923076923077,0.8,0.2923076923076923,0.5076923076923077
1,0.4461538461538462,0.8,0.5076923076923077,0.47692307692307695,0.3230769230769231,0.5076923076923077
31,0.8384615384615385,0.8,0.5076923076923077,0.47692307692307695,0.3076923076923077,0.5076923076923077
