label,Beacon_1,Beacon_2,Beacon_3,Beacon_4,Beacon_5,Beacon_6,Beacon_7
21,0.5076923076923077,0.36923076923076925,0.5384615384615384,0.5384615384615384,0.4307692307692308,0.8,0.47692307692307695
41,0.5076923076923077,0.36923076923076925,0.6,0.5384615384615384,0.4307692307692308,0.8,0.5230769230769231
36,0.5692307692307692,0.5692307692307692,0.7307692307692308,0.5307692307692308,0.4307692307692308,0.4307692307692308,0.6923076923076923
16,0.4,0.5692307692307692,0.6153846153846154,0.6923076923076923,0.2923076923076923,0.47692307692307695,0.8769230769230769
11,0.5076923076923077,0.5615384615384615,0.5076923076923077,0.8,0.2923076923076923,0.5076923076923077,0.6230769230769231
1,0.4461538461538462,0.8,0.5076923076923077,0.47692307692307695,0.3230769230769231,0.5076923076923077,0.5846153846153845
31,0.8384615384615385,0.8,0.5076923076923077,0.47692307692307695,0.3076923076923077,0.5076923076923077,0.5538461538461539
