label,Beacon_1,Beacon_2,Beacon_5,Beacon_6,Beacon_7
2,0.6416666666666666,0.65,0.3333333333333333,0.25,0.5416666666666666
5,0.5166666666666667,0.7333333333333334,0.26666666666666666,0.3,0.5416666666666666
8,0.7,0.4833333333333333,0.3333333333333333,0.4,0.6666666666666666
31,0.6333333333333333,0.6416666666666666,0.18333333333333332,0.4166666666666667,0.6666666666666666
31,0.7777777777777777,0.55,0.3416666666666667,0.45,0.5666666666666667
8,0.7777777777777777,0.55,0.36666666666666664,0.5,0.6166666666666667
5,0.6,0.65,0.3111111111111111,0.3416666666666667,0.6166666666666667
2,0.5833333333333334,0.8666666666666667,0.16666666666666666,0.31666666666666665,0.55
