label,Beacon_1,Beacon_2,Beacon_3,Beacon_4,Beacon_5,Beacon_6
2,0.6416666666666666,0.675,0.5,0.55,0.3333333333333333,0.25
5,0.43888888888888894,0.6,0.5166666666666667,0.3333333333333333,0.2611111111111111,0.32499999999999996
8,0.7083333333333333,0.5277777777777778,0.6,0.5083333333333333,0.3,0.3277777777777778
31,0.6416666666666666,0.6333333333333333,0.5083333333333333,0.6,0.15,0.3833333333333333
31,0.7666666666666666,0.6333333333333333,0.49444444444444446,0.49444444444444446,0.3333333333333333,0.375
8,0.7666666666666666,0.45,0.5333333333333333,0.42500000000000004,0.3333333333333333,0.5
5,0.6499999999999999,0.5666666666666667,0.6,0.39166666666666666,0.3111111111111111,0.4083333333333333
2,0.5833333333333334,0.8666666666666667,0.55,0.38333333333333336,0.16666666666666666,0.375
