label,Beacon_1,Beacon_2,Beacon_3,Beacon_4,Beacon_5,Beacon_6
2,0.6416666666666666,0.675,0.5,0.5333333333333334,0.3333333333333333,0.25
5,0.43888888888888894,0.688888888888889,0.43888888888888894,0.41111111111111115,0.2611111111111111,0.3055555555555556
8,0.6388888888888888,0.5277777777777778,0.5611111111111111,0.4777777777777778,0.3333333333333333,0.3277777777777778
31,0.6416666666666666,0.6416666666666666,0.5083333333333333,0.6,0.15,0.3833333333333333
31,0.7777777777777777,0.5444444444444444,0.49444444444444446,0.49444444444444446,0.3333333333333333,0.3611111111111111
8,0.5333333333333333,0.44166666666666665,0.525,0.42500000000000004,0.36666666666666664,0.5
5,0.6,0.5944444444444444,0.5166666666666667,0.3833333333333333,0.3111111111111111,0.35555555555555557
2,0.5833333333333334,0.8666666666666667,0.55,0.38333333333333336,0.16666666666666666,0.375
