label,Beacon_1,Beacon_2,Beacon_3,Beacon_4,Beacon_5,Beacon_6
2,0.6416666666666666,0.65,0.5,0.55,0.3333333333333333,0.25
5,0.5166666666666667,0.7333333333333334,0.5166666666666667,0.55,0.26666666666666666,0.3
8,0.7,0.4833333333333333,0.5416666666666667,0.38333333333333336,0.3333333333333333,0.4
31,0.6333333333333333,0.6416666666666666,0.5,0.6,0.18333333333333332,0.4166666666666667
31,0.7777777777777777,0.55,0.44166666666666665,0.4916666666666667,0.3416666666666667,0.45
8,0.7777777777777777,0.55,0.525,0.43333333333333335,0.36666666666666664,0.5
5,0.6,0.65,0.55,0.43333333333333335,0.3111111111111111,0.3416666666666667
2,0.5833333333333334,0.8666666666666667,0.55,0.38333333333333336,0.16666666666666666,0.31666666666666665
