label,Beacon_1,Beacon_2,Beacon_3,Beacon_4,Beacon_5,Beacon_6,Beacon_7
22,0.4927536231884058,0.36231884057971014,0.4492753623188406,0.463768115942029,0.4927536231884058,0.5652173913043479,0.31884057971014496
25,0.3188405797101449,0.391304347826087,0.463768115942029,0.4927536231884058,0.4927536231884058,0.5652173913043479,0.3333333333333333
28,0.36231884057971014,0.41062801932367154,0.3804347826086957,0.4057971014492754,0.463768115942029,0.44565217391304346,0.4057971014492754
41,0.43478260869565216,0.2753623188405797,0.5507246376811594,0.24637681159420288,0.6231884057971014,0.5362318840579711,0.4347826086956522
41,0.4975845410628019,0.28502415458937197,0.43478260869565216,0.24637681159420288,0.5652173913043478,0.5797101449275363,0.5362318840579711
28,0.3188405797101449,0.3913043478260869,0.4565217391304348,0.45410628019323673,0.47826086956521746,0.6521739130434783,0.5507246376811594
25,0.37681159420289856,0.34299516908212563,0.4057971014492754,0.4782608695652174,0.43478260869565216,0.6086956521739131,0.3695652173913043
22,0.2463768115942029,0.4782608695652174,0.4782608695652174,0.5652173913043478,0.463768115942029,0.7101449275362319,0.4057971014492754
