label,Beacon_1,Beacon_2,Beacon_5,Beacon_6
22,0.4927536231884058,0.36231884057971014,0.4927536231884058,0.5603864734299516
25,0.3188405797101449,0.391304347826087,0.45652173913043476,0.5603864734299516
28,0.34299516908212563,0.41062801932367154,0.48792270531400966,0.5458937198067632
41,0.44202898550724634,0.2753623188405797,0.6159420289855073,0.391304347826087
41,0.49275362318840576,0.28502415458937197,0.5652173913043478,0.5797101449275363
28,0.41545893719806765,0.41304347826086957,0.4830917874396136,0.6376811594202898
25,0.4057971014492754,0.34299516908212563,0.427536231884058,0.6086956521739131
22,0.213768115942029,0.4734299516908213,0.463768115942029,0.714975845410628
