label,Beacon_1,Beacon_2,Beacon_5,Beacon_6,Beacon_7
22,0.4927536231884058,0.36231884057971014,0.46859903381642515,0.5579710144927537,0.2898550724637681
25,0.3188405797101449,0.391304347826087,0.45652173913043476,0.5579710144927537,0.3405797101449275
28,0.3478260869565218,0.4094202898550725,0.4818840579710145,0.44565217391304346,0.4202898550724638
41,0.42028985507246375,0.2753623188405797,0.6195652173913044,0.4891304347826087,0.463768115942029
41,0.4975845410628019,0.28502415458937197,0.5845410628019323,0.5797101449275363,0.38164251207729477
28,0.4311594202898551,0.41304347826086957,0.4818840579710145,0.644927536231884,0.5253623188405797
25,0.42028985507246375,0.34782608695652173,0.43115942028985504,0.6086956521739131,0.358695652173913
22,0.213768115942029,0.4746376811594203,0.43840579710144933,0.713768115942029,0.44927536231884063
